<?xml version="1.0"?>
<ruleset name="Publish to Apple News">
	<description>PHP_CodeSniffer standard for Publish to Apple News.</description>

	<!--
	Pass some flags to PHPCS:
	 p flag: Show progress of the run.
	 s flag: Show sniff codes in all reports.
	 n flag: Do not print warnings.
	-->
	<arg value="psn" />

	<!--
	Only check the PHP files.
	Check all files in this directory and the directories below it.
	Exclude a few directories and autogenerated files.
	-->
	<arg name="extensions" value="php" />
	<file>.</file>
	<exclude-pattern>tests/</exclude-pattern>
	<exclude-pattern>vendor/</exclude-pattern>

	<rule ref="WordPress" />

	<rule ref="WordPress.WP.I18n">
		<properties>
			<!--
			Verify that the text_domain is set to the desired text-domain.
			Multiple valid text domains can be provided as a comma-delimited list.
			 -->
			<property name="text_domain" type="array" value="apple-news" />
		</properties>
	</rule>
</ruleset>
