{"facets":[{"label":"Categories","name":"categories","type":"checkboxes","source":"tax\/category","parent_term":"","orderby":"count","operator":"and","hierarchical":"no","ghosts":"no","preserve_ghosts":"no","count":"10","soft_limit":""}],"templates":[{"label":"Example","name":"example","query":"<?php\nreturn array(\n    'post_type' => 'any',\n    'posts_per_page' => 15,\n);","template":"<?php while ( have_posts() ) : the_post(); ?>\n    <div><a href=\"<?php the_permalink(); ?>\"><?php the_title(); ?><\/a><\/div>\n<?php endwhile; ?>"}]}